"slug","title","body_region","decision_type","is_operative","canonical_question","option_a_label","option_b_label","expected_equipoise","equipoise_rationale","label_provenance"
"ac-joint-type-iii-op-vs-nonop","Type III AC joint separation: nonoperative vs operative","shoulder","conservative_vs_operative","true","In an adult with an acute Grade III acromioclavicular joint separation, is initial nonoperative management or operative stabilization preferred?","Nonoperative management","Operative stabilization","genuine_equipoise","Most evidence supports initial nonoperative care with similar medium-term function; high-demand overhead and heavy-labor patients remain debated.","literature"
"clavicle-midshaft-displaced-op-vs-nonop","Displaced midshaft clavicle fracture: nonoperative vs ORIF","shoulder","conservative_vs_operative","true","In an adult with a displaced midshaft clavicle fracture, is nonoperative management or open reduction and internal fixation preferred?","Nonoperative management","Open reduction internal fixation","genuine_equipoise","Surgery lowers nonunion and symptomatic malunion but adds operative risk; benefit concentrates with greater shortening or displacement, and thresholds are debated.","literature"
"proximal-humerus-3-4-part-elderly","3-/4-part proximal humerus fracture (older adult): nonop vs surgery","shoulder","conservative_vs_operative","true","In an older adult with a displaced 3- or 4-part proximal humerus fracture, is nonoperative management or surgery (fixation or arthroplasty) preferred?","Nonoperative management","Surgical management","genuine_equipoise","PROFHER showed no clear benefit of surgery over nonoperative care for many; patient selection and fixation-versus-arthroplasty remain contested.","literature"
"rotator-cuff-degenerative-repair-vs-pt","Degenerative rotator cuff tear (older patient): repair vs physical therapy","shoulder","conservative_vs_operative","true","In an older adult with a symptomatic degenerative atraumatic rotator cuff tear, is structured physical therapy or surgical repair preferred?","Physical therapy","Surgical repair","genuine_equipoise","Several trials show comparable patient-reported outcomes at medium term; tear progression and age and activity modify the choice.","literature"
"first-time-anterior-shoulder-dislocation-young","First-time anterior shoulder dislocation (young athlete): nonop vs early stabilization","shoulder","conservative_vs_operative","true","In a young athlete after a first-time traumatic anterior shoulder dislocation, is nonoperative management or early surgical stabilization preferred?","Nonoperative management","Early surgical stabilization","genuine_equipoise","Very high recurrence in young contact athletes argues for early stabilization, yet many first dislocations are still managed nonoperatively.","literature"
"acl-rupture-early-recon-vs-rehab","ACL rupture: early reconstruction vs structured rehab","knee","conservative_vs_operative","true","In an adult with an acute ACL rupture, is early reconstruction or structured rehabilitation with optional delayed reconstruction preferred?","Structured rehabilitation","Early reconstruction","genuine_equipoise","KANON showed rehabilitation with optional delayed reconstruction non-inferior for many patients; activity demands and instability drive the decision.","literature"
"acl-graft-choice","ACL reconstruction graft choice: BPTB vs hamstring vs quadriceps autograft","knee","which_operation","true","When ACL reconstruction is chosen, is a bone-patellar tendon-bone, hamstring, or quadriceps tendon autograft preferred?","BPTB autograft","Hamstring or quadriceps autograft","genuine_equipoise","Graft choices trade donor-site morbidity, re-rupture rates, and residual laxity differently; no single graft dominates across patients.","literature"
"patellar-dislocation-first-op-vs-nonop","First-time patellar dislocation: nonop vs MPFL reconstruction","knee","conservative_vs_operative","true","After a first-time lateral patellar dislocation, is nonoperative management or MPFL reconstruction preferred?","Nonoperative management","MPFL reconstruction","genuine_equipoise","Recurrence risk with osteochondral injury or anatomic risk factors argues for surgery, while many first dislocations are managed nonoperatively.","literature"
"knee-oa-young-hto-vs-uka","Unicompartmental knee OA (younger, malaligned): HTO vs UKA","knee","which_operation","true","In a younger patient with isolated unicompartmental knee OA and malalignment, is high tibial osteotomy or unicompartmental arthroplasty preferred?","High tibial osteotomy","Unicompartmental arthroplasty","genuine_equipoise","Both are defensible; the choice depends on age, activity, alignment, and surgeon experience, with genuine practice variation.","literature"
"femoral-neck-fracture-older-tha-vs-hemi","Displaced femoral neck fracture (active older adult): THA vs hemiarthroplasty","hip","which_operation","true","In an active independent older adult with a displaced femoral neck fracture, is total hip arthroplasty or hemiarthroplasty preferred?","Hemiarthroplasty","Total hip arthroplasty","genuine_equipoise","HEALTH showed modest rather than decisive differences; THA may benefit higher-function patients but carries higher dislocation risk.","literature"
"fai-scope-vs-pt","Femoroacetabular impingement: arthroscopy vs physical therapy","hip","conservative_vs_operative","true","In an adult with symptomatic femoroacetabular impingement, is arthroscopic surgery or physiotherapy-led management preferred?","Physiotherapy-led management","Hip arthroscopy","genuine_equipoise","FASHIoN favored arthroscopy on average, but the effect size and appropriate patient selection remain debated.","literature"
"lumbar-disc-herniation-radiculopathy","Lumbar disc herniation with radiculopathy (no progressive deficit): microdiscectomy vs conservative","spine","conservative_vs_operative","true","In an adult with lumbar disc herniation and radiculopathy but no progressive neurologic deficit, is conservative management or microdiscectomy preferred?","Conservative management","Microdiscectomy","genuine_equipoise","SPORT showed both improve, with faster early relief from surgery; high crossover makes the long-term difference contested.","literature"
"degenerative-spondylolisthesis-decompression-vs-fusion","Degenerative spondylolisthesis: decompression alone vs decompression + fusion","spine","which_operation","true","In an adult with symptomatic single-level degenerative spondylolisthesis requiring surgery, is decompression alone or decompression with fusion preferred?","Decompression alone","Decompression plus fusion","genuine_equipoise","SLIP and the Swedish trial reached opposing conclusions, making this a classic unresolved controversy.","literature"
"achilles-rupture-op-vs-nonop","Acute Achilles tendon rupture: operative vs functional nonoperative","foot_ankle","conservative_vs_operative","true","In an adult with an acute Achilles tendon rupture, is operative repair or functional nonoperative rehabilitation preferred?","Functional nonoperative rehabilitation","Operative repair","genuine_equipoise","Modern functional rehabilitation narrows the re-rupture gap; surgery trades a small re-rupture reduction against operative risks.","literature"
"ankle-fracture-stable-weberb-op-vs-nonop","Isolated stable lateral malleolus (Weber B) fracture: nonop vs ORIF","foot_ankle","conservative_vs_operative","true","In an adult with an isolated minimally displaced stable Weber B lateral malleolus fracture, is nonoperative management or ORIF preferred?","Nonoperative management","Open reduction internal fixation","genuine_equipoise","Stable patterns often do well nonoperatively; stability assessment and displacement thresholds drive variation.","literature"
"calcaneus-fracture-displaced-op-vs-nonop","Displaced intra-articular calcaneus fracture: ORIF vs nonoperative","foot_ankle","conservative_vs_operative","true","In an adult with a displaced intra-articular calcaneal fracture, is operative fixation or nonoperative management preferred?","Nonoperative management","Open reduction internal fixation","genuine_equipoise","The UK Heel Fracture trial found little overall benefit to surgery with added wound risk; patient selection remains contested.","literature"
"distal-radius-older-cast-vs-orif","Distal radius fracture (lower-demand older adult): cast vs ORIF","wrist_hand","conservative_vs_operative","true","In a lower-demand older adult with a displaced distal radius fracture and acceptable reduction, is cast immobilization or ORIF preferred?","Cast immobilization","Open reduction internal fixation","genuine_equipoise","Function is often similar in low-demand elderly despite radiographic differences; surgery is debated by demand and deformity.","literature"
"tibial-shaft-closed-cast-vs-nail","Closed tibial shaft fracture: cast vs intramedullary nail","lower_leg","conservative_vs_operative","true","In an adult with a closed tibial shaft fracture, is cast or functional bracing, or intramedullary nailing preferred?","Cast or functional bracing","Intramedullary nailing","genuine_equipoise","A historic controversy; nailing is favored for displaced or unstable patterns, but acceptable-alignment fractures show practice variation.","literature"
"pediatric-supracondylar-gartland2","Pediatric supracondylar humerus fracture (Gartland II): casting vs pinning","elbow","conservative_vs_operative","true","In a child with a Gartland type II supracondylar humerus fracture, is closed reduction with casting or closed reduction with percutaneous pinning preferred?","Closed reduction and casting","Closed reduction and percutaneous pinning","genuine_equipoise","Type II management varies by degree of displacement and by surgeon; both casting and pinning are in use.","literature"
"distal-biceps-rupture-op-vs-nonop","Distal biceps tendon rupture: operative vs nonoperative","elbow","conservative_vs_operative","true","In an adult with a complete distal biceps tendon rupture, is operative repair or nonoperative management preferred?","Nonoperative management","Operative repair","genuine_equipoise","Surgery restores supination and flexion strength; lower-demand patients may accept the nonoperative strength deficits.","literature"
"hallux-valgus-surgery-vs-conservative","Symptomatic hallux valgus: surgery vs conservative","foot_ankle","conservative_vs_operative","true","In an adult with symptomatic hallux valgus, is conservative management or corrective surgery preferred?","Conservative management","Corrective osteotomy","genuine_equipoise","Surgery improves symptomatic deformity, but indications and timing vary and conservative care has limited effect on deformity.","literature"
"massive-rc-tear-irreparable","Massive irreparable rotator cuff tear: joint-preserving vs reverse arthroplasty","shoulder","which_operation","true","In a patient with a massive irreparable rotator cuff tear, is a joint-preserving reconstruction (debridement/capsular/transfer) or reverse shoulder arthroplasty preferred?","Joint-preserving options","Reverse total shoulder arthroplasty","genuine_equipoise","A rapidly evolving area; capsular reconstruction, transfers, balloon spacers, and reverse arthroplasty compete without a settled hierarchy.","literature"
"vertebroplasty-osteoporotic-vcf","Osteoporotic vertebral compression fracture: augmentation vs conservative","spine","conservative_vs_operative","true","In an older adult with a painful osteoporotic vertebral compression fracture, is conservative management or vertebral augmentation preferred?","Conservative management","Vertebral augmentation","genuine_equipoise","Sham-controlled trials were negative while later trials and registries dispute this; the area remains actively contested.","literature"
"open-fracture-debridement-timing","Open fracture: strict 6-hour vs urgent debridement timing","lower_leg","timing_of_surgery","true","In an open long-bone fracture, must surgical debridement occur within 6 hours, or is urgent but not strictly sub-6-hour debridement with early antibiotics acceptable?","Strict sub-6-hour debridement","Early antibiotics with urgent debridement","genuine_equipoise","The strict 6-hour rule is increasingly challenged, with emphasis shifting to early antibiotic administration; guidance is in flux.","literature"
"degenerative-meniscal-tear-apm-vs-pt","Degenerative meniscal tear (no mechanical locking): APM vs physical therapy","knee","conservative_vs_operative","true","In a middle-aged adult with a degenerative meniscal tear and no true mechanical locking, is physical therapy or arthroscopic partial meniscectomy preferred?","Physical therapy","Arthroscopic partial meniscectomy","settled_conservative","Multiple randomized trials show no benefit of arthroscopic partial meniscectomy over physical therapy absent true mechanical symptoms.","literature"
"subacromial-decompression-impingement","Subacromial impingement: decompression surgery vs conservative","shoulder","conservative_vs_operative","true","In an adult with subacromial pain and an intact cuff, is conservative management or arthroscopic subacromial decompression preferred?","Conservative management","Arthroscopic subacromial decompression","settled_conservative","Sham-controlled trials such as CSAW show no meaningful benefit of decompression over conservative or placebo treatment.","literature"
"acute-lateral-ankle-sprain","Acute uncomplicated lateral ankle sprain: functional rehab vs surgery","foot_ankle","conservative_vs_operative","false","In an adult with an acute uncomplicated lateral ankle sprain, is functional rehabilitation or acute surgical repair preferred?","Functional rehabilitation","Acute surgical repair","settled_conservative","Functional rehabilitation is standard; acute surgery is not indicated for uncomplicated sprains.","guideline"
"acute-mechanical-low-back-pain","Acute uncomplicated mechanical low back pain: conservative management","spine","conservative_vs_operative","false","In an adult with acute uncomplicated mechanical low back pain and no red flags, is conservative management or surgical evaluation preferred?","Conservative management","Surgical evaluation","settled_conservative","Guidelines uniformly support conservative care; surgery is not indicated without specific structural pathology.","guideline"
"septic-native-joint","Acute septic native joint: urgent surgical drainage","knee","conservative_vs_operative","true","In an adult with an acute septic native joint, is urgent surgical drainage or antibiotics-alone management preferred?","Antibiotics alone","Urgent surgical drainage","settled_operative","Urgent surgical drainage plus antibiotics is standard of care; delay risks rapid joint destruction.","guideline"
"cauda-equina-syndrome","Cauda equina syndrome: emergent decompression","spine","timing_of_surgery","true","In an adult with acute cauda equina syndrome, is emergent surgical decompression or non-urgent management preferred?","Non-urgent management","Emergent surgical decompression","settled_operative","Emergent decompression is standard; delay risks permanent bladder, bowel, and neurologic injury.","guideline"
"acute-compartment-syndrome","Acute compartment syndrome: emergent fasciotomy","lower_leg","timing_of_surgery","true","In a limb with acute compartment syndrome, is emergent fasciotomy or observation preferred?","Observation","Emergent fasciotomy","settled_operative","Emergent fasciotomy is standard; delay causes irreversible muscle and nerve necrosis.","guideline"
"quadriceps-tendon-rupture-active","Complete quadriceps tendon rupture (active adult): operative repair","knee","conservative_vs_operative","true","In an active adult with a complete quadriceps tendon rupture and an extensor lag, is operative repair or nonoperative management preferred?","Nonoperative management","Operative repair","settled_operative","Operative repair is standard to restore the extensor mechanism in complete ruptures.","literature"
"hip-fracture-surgery-timing-fit","Hip fracture (medically fit older adult): early surgery vs delay","hip","timing_of_surgery","true","In a medically fit older adult with a hip fracture, is early surgery within 24 to 48 hours or deliberate delay preferred?","Deliberate delay","Early surgery","settled_operative","Early surgery when the patient is medically fit is supported by guidelines and outcome data; avoidable delay worsens outcomes.","guideline"
"displaced-femoral-neck-young-adult","Displaced femoral neck fracture (young adult): urgent fixation","hip","conservative_vs_operative","true","In a young adult with a displaced femoral neck fracture, is urgent reduction and fixation or nonoperative management preferred?","Nonoperative management","Urgent reduction and internal fixation","settled_operative","Head-preserving urgent fixation is standard in young adults; nonoperative care risks nonunion and osteonecrosis. Timing and approach are still debated.","literature"
"humeral-shaft-closed-displaced-op-vs-brace","Closed displaced humeral shaft fracture: plate osteosynthesis vs functional bracing","upper_arm","conservative_vs_operative","true","In an adult with a closed displaced humeral shaft fracture, is plate osteosynthesis or functional bracing preferred?","Functional bracing","Plate osteosynthesis","genuine_equipoise","The FISH trial demonstrated comparable 5-year DASH scores, but 32% of bracing patients required secondary surgery for nonunion, making initial surgery highly cost-effective from a societal perspective.","literature"
"ankle-fracture-geriatric-unstable-ccc-vs-orif","Unstable ankle fracture in patients >60 years: close contact casting vs ORIF","foot_ankle","conservative_vs_operative","true","In an older adult (age >60) with an unstable ankle fracture, is close contact casting or open reduction internal fixation (ORIF) preferred?","Close contact casting","Open reduction internal fixation","genuine_equipoise","The AIM trial demonstrated clinical equivalence in ankle function (OMAS) at 6 months; ORIF has higher wound risks, whereas casting has higher malunion rates but is highly cost-effective.","literature"
"medial-compartment-knee-oa-pkr-vs-tka","Medial compartment knee osteoarthritis: partial vs total knee replacement","knee","which_operation","true","In an adult with isolated medial compartment knee osteoarthritis, is unicompartmental (partial) knee arthroplasty or total knee arthroplasty preferred?","Partial knee replacement","Total knee replacement","genuine_equipoise","The TOPKAT trial showed similar 10-year clinical outcomes, reoperations, and revisions, but partial knee replacement had fewer complications and was more cost-effective.","literature"
"olecranon-fracture-elderly-75-nonop-vs-fixation","Displaced olecranon fracture in patients >=75 years: nonoperative vs surgery","elbow","conservative_vs_operative","true","In an older adult (age >=75) with a displaced isolated olecranon fracture, is nonoperative management or surgical fixation preferred?","Nonoperative management","Surgical fixation","genuine_equipoise","Randomized data show comparable DASH scores at 1 year; surgical groups have extremely high complication rates (up to 80%), and nonunions in the nonoperative group are mostly asymptomatic and well-tolerated.","literature"
"scaphoid-waist-undisplaced-cast-vs-fixation","Undisplaced scaphoid waist fracture: cast immobilization vs surgical fixation","wrist_hand","conservative_vs_operative","true","In an adult with an acute scan-confirmed undisplaced scaphoid waist fracture, is cast immobilization or percutaneous screw fixation preferred?","Cast immobilization","Percutaneous screw fixation","genuine_equipoise","The SWIFT trial showed no difference in long-term functional recovery or nonunion rates between groups, making initial cast immobilization highly cost-effective; surgery provides faster early mobilization but adds surgical risks.","literature"
"frozen-shoulder-physio-vs-surgical-release","Primary frozen shoulder in secondary care: structured physical therapy vs surgical intervention","shoulder","conservative_vs_operative","true","In an adult with primary frozen shoulder (adhesive capsulitis), is early structured physical therapy or surgical intervention (MUA or arthroscopic capsular release) preferred?","Structured physical therapy","Surgical intervention","genuine_equipoise","The UK FROST trial found no superior patient-reported outcomes for pain and function at 12 months between early structured physical therapy, manipulation under anesthesia (MUA), or arthroscopic capsular release.","literature"
"lumbar-spinal-stenosis-decompression-vs-pt","Lumbar spinal stenosis: decompression surgery vs physical therapy","spine","conservative_vs_operative","true","In an adult with lumbar spinal stenosis without spondylolisthesis, is surgical decompression or structured physical therapy preferred?","Structured physical therapy","Surgical decompression","genuine_equipoise","Both modalities yield significant symptom improvement; surgery offers faster, more pronounced relief, but carries typical operative risks and high crossover from physical therapy.","literature"
"cervical-radiculopathy-acdf-vs-pt","Single-level cervical radiculopathy: ACDF vs structured physical therapy","spine","conservative_vs_operative","true","In an adult with single-level cervical radiculopathy without progressive deficits, is anterior cervical discectomy and fusion (ACDF) or physical therapy preferred?","Physical therapy and traction","Anterior cervical discectomy and fusion","genuine_equipoise","Long-term functional outcomes converge, but surgery provides faster early pain relief and recovery at the cost of surgical exposure risks and adjacent segment disease.","literature"
"pediatric-trigger-thumb-release-vs-observe","Pediatric trigger thumb: surgical release vs observation and stretching","wrist_hand","conservative_vs_operative","true","In a pediatric patient (age <3) with a trigger thumb, is surgical release or observation with stretching preferred?","Observation and stretching","Surgical trigger release","genuine_equipoise","Spontaneous resolution is common in children under 2, but surgical release provides a definitive, low-risk cure for persistent or late-presenting triggering.","literature"
"subtrochanteric-femur-fracture-nail-vs-plate","Subtrochanteric femur fracture: intramedullary nail vs plate fixation","hip","which_operation","true","In an adult with a subtrochanteric femur fracture, is intramedullary nailing or open reduction with plate fixation preferred?","Plate fixation","Intramedullary nailing","genuine_equipoise","Nailing offers biomechanical advantages and less dissection but is technically demanding; plating offers direct anatomical reduction but increases blood loss and infection risk.","literature"
"patellar-fracture-displaced-orif-vs-nonop","Displaced patellar fracture with intact extensor: ORIF vs nonoperative","knee","conservative_vs_operative","true","In an adult with a displaced patellar fracture (<2mm step-off) and an intact extensor mechanism, is nonoperative casting or ORIF preferred?","Nonoperative casting","Open reduction internal fixation","genuine_equipoise","Stable patterns with minimal step-off can heal successfully in a cylinder cast; surgery guarantees anatomical reduction but has high rates of hardware irritation and infection.","literature"
"meniscus-tear-traumatic-repair-vs-meniscectomy","Traumatic meniscus tear in young adult: repair vs partial meniscectomy","knee","which_operation","true","In a young adult with a symptomatic traumatic meniscus tear in the vascular zone, is repair or partial meniscectomy preferred?","Partial meniscectomy","Meniscus repair","genuine_equipoise","Repair preserves long-term joint loading and prevents osteoarthritis but has higher early failure and restricted rehab; meniscectomy offers rapid recovery but accelerates degeneration.","literature"
"radial-head-fracture-mason-ii-nonop-vs-orif","Mason Type II radial head fracture: nonoperative vs ORIF","elbow","conservative_vs_operative","true","In an adult with an isolated displaced Mason Type II radial head fracture without mechanical block, is nonoperative management or ORIF preferred?","Nonoperative management","Open reduction internal fixation","genuine_equipoise","Fractures without mechanical block typically do well nonoperatively; surgery addresses displacement but risks hardware prominence, stiffness, and nerve injury.","literature"
"thoracolumbar-burst-fracture-no-neuro-op-vs-nonop","Thoracolumbar burst fracture (no neurological deficit): orthosis vs surgical stabilization","spine","conservative_vs_operative","true","In an adult with a stable thoracolumbar burst fracture and no neurological deficit, is brace/orthosis immobilization or surgical stabilization preferred?","Orthosis immobilization","Surgical stabilization","genuine_equipoise","Multiple RCTs show equivalent long-term functional and pain scores between brace treatment and surgery, but surgical management remains common due to faster mobilization.","literature"
"distal-radius-intraarticular-young-orif-vs-cast","Displaced intra-articular distal radius fracture (young adult): cast vs ORIF","wrist_hand","conservative_vs_operative","true","In an active young adult with a displaced intra-articular distal radius fracture, is closed reduction and casting or ORIF preferred?","Closed reduction and casting","Open reduction internal fixation","genuine_equipoise","ORIF restores intra-articular congruency to prevent long-term arthritis, but adds perioperative complications; casting avoids surgery but carries a higher risk of displacement.","literature"
"midfoot-lisfranc-injury-ligamentous-orif-vs-arthrodesis","Ligamentous Lisfranc injury: ORIF vs primary arthrodesis","foot_ankle","which_operation","true","In an adult with an acute purely ligamentous Lisfranc joint injury, is ORIF or primary arthrodesis preferred?","Open reduction internal fixation","Primary arthrodesis","genuine_equipoise","Primary arthrodesis reduces the high rate of secondary salvage fusion and provides predictable stability, but sacrifices midfoot joint motion compared to ORIF.","literature"
"carpal-tunnel-syndrome-moderate-release-vs-splint","Moderate carpal tunnel syndrome: surgical release vs splinting and injection","wrist_hand","conservative_vs_operative","true","In an adult with moderate symptomatic carpal tunnel syndrome, is surgical release or splinting with corticosteroid injection preferred?","Splinting and injection","Surgical release","genuine_equipoise","Conservative therapy provides good temporary relief, but surgical release provides superior, long-term resolution of symptoms and nerve compression.","literature"
"metatarsal-5th-jones-fracture-cast-vs-screw","Acute Jones fracture (5th metatarsal): casting vs percutaneous screw fixation","foot_ankle","conservative_vs_operative","true","In an active adult with an acute Jones fracture (5th metatarsal zone II), is nonoperative non-weightbearing casting or percutaneous screw fixation preferred?","Non-weightbearing casting","Percutaneous screw fixation","genuine_equipoise","Surgery results in faster union and quicker return to activity, particularly in athletes, but carries risk of hardware pain; casting is non-invasive but has higher nonunion rates.","literature"
"greater-tuberosity-fracture-displaced-nonop-vs-orif","Displaced isolated greater tuberosity fracture: nonoperative vs surgery","shoulder","conservative_vs_operative","true","In an adult with a displaced (>5mm) isolated greater tuberosity fracture, is nonoperative management or surgical fixation preferred?","Nonoperative management","Surgical fixation","genuine_equipoise","Displacement can cause subacromial impingement, arguing for surgical fixation, yet nonoperative management with close observation often yields acceptable functional outcomes.","literature"
"ankle-instability-chronic-rehab-vs-brostrom","Chronic lateral ankle instability: functional rehabilitation vs Brostrom repair","foot_ankle","conservative_vs_operative","true","In an adult with chronic symptomatic lateral ankle instability, is progressive functional rehabilitation or surgical Brostrom-Gould repair preferred?","Functional rehabilitation","Surgical Brostrom repair","genuine_equipoise","High-quality rehabilitation stabilizes many ankles dynamically; surgical repair is highly effective for persistent mechanical instability but risks nerve injury and stiffness.","literature"
"proximal-humerus-neer-2-part-nonop-vs-orif","Displaced Neer 2-part proximal humerus fracture: nonoperative vs surgical fixation","shoulder","conservative_vs_operative","true","In an adult with a displaced Neer 2-part proximal humerus fracture, is nonoperative management or surgical fixation preferred?","Nonoperative management","Surgical fixation","genuine_equipoise","Surgical fixation restores anatomy but adds complications (screws cutout, avascular necrosis); nonoperative care accepts deformity but avoids operative risks.","literature"
"gluteus-medius-tear-repair-vs-nonop","Symptomatic gluteus medius tear: endoscopic/open repair vs physical therapy","hip","conservative_vs_operative","true","In an adult with a chronic symptomatic gluteus medius or minimus tear, is structured physical therapy or surgical repair preferred?","Structured physical therapy","Surgical repair","genuine_equipoise","Repair provides good clinical improvement in tendon integrity and pain relief, but physical therapy remains a highly effective, lower-risk first-line option.","literature"
"elbow-epicondylitis-lateral-surgery-vs-conservative","Chronic lateral epicondylitis: debridement vs structured conservative therapy","elbow","conservative_vs_operative","true","In an adult with chronic, recalcitrant lateral epicondylitis, is surgical debridement or structured conservative therapy preferred?","Structured conservative therapy","Surgical debridement","genuine_equipoise","Debridement (Nirschl procedure) can resolve pain in refractory cases, but long-term outcomes often show little difference from natural history and persistent physical therapy.","literature"
"tibial-plateau-schatzker-ii-orif-vs-nonop","Schatzker Type II tibial plateau fracture: nonoperative vs ORIF","lower_leg","conservative_vs_operative","true","In an adult with a Schatzker Type II tibial plateau fracture and <5mm of articular depression, is nonoperative non-weightbearing or ORIF preferred?","Nonoperative management","Open reduction internal fixation","genuine_equipoise","Minimal depression allows successful nonoperative management; surgery restores articular surface alignment but carries wound healing and infection risks.","literature"
"adhesive-capsulitis-steroid-vs-hydrodilatation","Adhesive capsulitis: corticosteroid injection vs hydrodilatation","shoulder","which_intervention","false","In an adult with primary adhesive capsulitis, is intra-articular corticosteroid injection or hydrodilatation preferred?","Corticosteroid injection","Hydrodilatation","genuine_equipoise","Both interventions provide rapid, temporary pain relief and range of motion improvement, but trials show conflicting evidence regarding the superior efficacy of hydrodilatation over standard injection.","literature"
"femoral-shaft-fracture-retrograde-vs-antegrade-nail","Femoral shaft fracture: retrograde vs antegrade intramedullary nailing","hip","which_operation","true","In an adult with a femoral shaft fracture, is retrograde or antegrade intramedullary nailing preferred?","Antegrade nailing","Retrograde nailing","genuine_equipoise","Both techniques achieve high union rates; antegrade nailing risks hip pain and heterotopic ossification, while retrograde nailing risks knee pain and intra-articular irritation.","literature"
"hallux-rigidus-cheilectomy-vs-arthrodesis","Hallux rigidus (stage III): cheilectomy vs primary arthrodesis","foot_ankle","which_operation","true","In an adult with Stage III hallux rigidus, is joint-preserving cheilectomy or primary arthrodesis preferred?","Joint-preserving cheilectomy","Primary joint arthrodesis","genuine_equipoise","Cheilectomy preserves motion but carries high rates of persistent pain and conversion to fusion; arthrodesis provides definitive pain relief but permanently eliminates joint motion.","literature"
"intervertebral-disc-herniation-cervical-acdf-vs-adr","Cervical disc herniation: ACDF vs artificial disc replacement","spine","which_operation","true","In an adult with single-level cervical disc herniation requiring surgery, is ACDF or artificial disc replacement (ADR) preferred?","Anterior cervical discectomy and fusion","Cervical artificial disc replacement","genuine_equipoise","ADR preserves motion and may reduce adjacent segment disease, but long-term registry data are still accumulating compared to the gold-standard ACDF.","literature"
"scaphoid-nonunion-vascularized-vs-nonvascularized-graft","Scaphoid nonunion: vascularized vs non-vascularized bone graft","wrist_hand","which_operation","true","In an adult with a scaphoid proximal pole nonunion, is vascularized or non-vascularized bone grafting preferred?","Non-vascularized bone graft","Vascularized bone graft","genuine_equipoise","Vascularized grafts theoretically enhance healing in avascular segments, but clinical trials show variable benefit over traditional non-vascularized grafting techniques.","literature"
"hip-oa-advanced-anterior-vs-posterior","Advanced hip osteoarthritis: direct anterior vs posterior approach total hip arthroplasty","hip","which_operation","true","In an adult undergoing total hip arthroplasty for hip osteoarthritis, is the direct anterior or posterior approach preferred?","Posterior approach","Direct anterior approach","genuine_equipoise","Direct anterior approach may reduce early dislocation rates and speed early recovery, but posterior approach offers excellent visualization, lower fracture rates, and similar mid-term outcomes.","literature"
"total-knee-arthroplasty-cr-vs-ps","Total knee arthroplasty: cruciate-retaining vs posterior-stabilized","knee","which_operation","true","In an adult undergoing total knee arthroplasty, is a cruciate-retaining (CR) or posterior-stabilized (PS) design preferred?","Cruciate-retaining design","Posterior-stabilized design","genuine_equipoise","CR preserves natural kinematics and bone stock, while PS provides predictable stability and easier balancing; long-term functional and implant survival outcomes are equivalent.","literature"
"patellofemoral-instability-mpfl-vs-ttat","Patellofemoral instability: isolated MPFL reconstruction vs MPFL with tibial tubercle osteotomy","knee","which_operation","true","In a patient with recurrent patellar dislocation and borderline TT-TG distance, is isolated MPFL reconstruction or combined MPFL with tibial tubercle osteotomy preferred?","Isolated MPFL reconstruction","Combined MPFL and tubercle osteotomy","genuine_equipoise","Combined surgery directly corrects bony malalignment but is more invasive; isolated soft-tissue reconstruction is less invasive but may under-address biomechanical drivers.","literature"
"acdf-vs-cervical-disc-arthroplasty","Cervical disc disease: ACDF vs cervical artificial disc replacement","spine","which_operation","true","In an adult with symptomatic single-level cervical disc disease, is ACDF or cervical artificial disc replacement (ADR) preferred?","Anterior cervical discectomy and fusion","Cervical artificial disc replacement","genuine_equipoise","ADR preserves segmental cervical motion and potentially reduces adjacent segment disease, but long-term cohort survivorship data are still accumulating compared to standard ACDF.","literature"
"femoral-neck-fracture-undisplaced-screws-vs-hemi","Undisplaced femoral neck fracture (elderly): internal fixation vs hemiarthroplasty","hip","which_operation","true","In an active elderly patient with an undisplaced femoral neck fracture, is parallel screw internal fixation or hemiarthroplasty preferred?","Parallel screw internal fixation","Hemiarthroplasty","genuine_equipoise","Internal fixation preserves native anatomy but has high rates of late displacement and avascular necrosis; primary hemiarthroplasty allows immediate stable weightbearing but is more invasive.","literature"
"developmental-dysplasia-hip-closed-vs-open-reduction","Developmental dysplasia of the hip: closed vs open reduction","hip","which_operation","true","In an infant with developmental dysplasia of the hip failing bracing, is closed reduction or open surgical reduction preferred?","Closed manual reduction","Open surgical reduction","genuine_equipoise","Closed reduction under anesthesia is less invasive but has higher failure and osteonecrosis rates in select patterns; open reduction provides definitive clearance but carries surgical morbidity.","literature"
"pediatric-femur-fracture-elastic-nails-vs-spica","Pediatric femur fracture (age 2-6): elastic stable intramedullary nails vs spica cast","hip","which_operation","true","In a young child (age 2-6) with a displaced femoral shaft fracture, is percutaneous elastic stable intramedullary nailing (ESIN) or spica casting preferred?","Spica casting immobilization","Elastic stable intramedullary nailing","genuine_equipoise","ESIN allows rapid mobilization and social convenience but carries anesthetic and hardware removal risks; spica casting avoids hardware surgery but imposes profound caregiving challenges.","literature"
"carpal-tunnel-endoscopic-vs-open-release","Carpal tunnel syndrome: endoscopic vs open surgical release","wrist_hand","which_operation","true","In an adult with severe carpal tunnel syndrome, is endoscopic or open surgical release preferred?","Open carpal tunnel release","Endoscopic carpal tunnel release","genuine_equipoise","Endoscopic release offers faster early recovery and less scar tenderness, but carries a slightly higher risk of transient nerve injury and incomplete transverse ligament release compared to open.","literature"
"intertrochanteric-fracture-nail-vs-sliding-hip-screw","Intertrochanteric hip fracture: cephalomedullary nail vs sliding hip screw","hip","which_operation","true","In an adult with a stable intertrochanteric hip fracture, is cephalomedullary nailing or sliding hip screw (SHS) fixation preferred?","Sliding hip screw fixation","Cephalomedullary nailing","genuine_equipoise","Nailing offers theoretical biomechanical advantages but is more costly and has a risk of femoral split; sliding hip screws have a long track record of safety in stable patterns.","literature"
"proximal-humerus-orif-vs-reverse-shoulder-arthroplasty","Proximal humerus fracture: surgical plating vs primary reverse shoulder arthroplasty","shoulder","which_operation","true","In an active elderly patient with a displaced 3- or 4-part proximal humerus fracture, is ORIF or primary reverse shoulder arthroplasty (RSA) preferred?","Open reduction internal fixation","Reverse shoulder arthroplasty","genuine_equipoise","ORIF preserves native anatomy but carries high risks of osteonecrosis and screw cutout; primary RSA provides predictable early function but limits long-term revision options.","literature"
"tibial-plateau-fracture-orif-vs-exfix","Tibial plateau fracture: ORIF vs staged external fixation and spanning","lower_leg","which_operation","true","In an adult with a high-energy bicondylar tibial plateau fracture, is primary ORIF or staged external fixation followed by delayed reconstruction preferred?","Primary open reduction internal fixation","Staged spanning external fixation","genuine_equipoise","Primary ORIF allows anatomical reduction but carries high wound complication rates in swollen tissue; staged external fixation protects soft tissues but delays anatomical reconstruction.","literature"
"rotator-cuff-tear-single-vs-double-row-repair","Rotator cuff repair: single-row vs double-row suture anchor fixation","shoulder","which_operation","true","When surgical repair of a medium-to-large rotator cuff tear is indicated, is a single-row or double-row suture anchor technique preferred?","Single-row suture anchor repair","Double-row suture anchor repair","genuine_equipoise","Double-row repair provides superior biomechanical footprint coverage and lower re-tear rates, but single-row is faster, cheaper, and has equivalent clinical patient-reported outcomes.","literature"
"hallux-valgus-lapidus-vs-scarf-osteotomy","Severe hallux valgus: Lapidus arthrodesis vs Scarf osteotomy","foot_ankle","which_operation","true","In an adult with severe hallux valgus and first ray hypermobility, is a Lapidus tarsometatarsal arthrodesis or Scarf metatarsal osteotomy preferred?","Scarf metatarsal osteotomy","Lapidus tarsometatarsal arthrodesis","genuine_equipoise","Lapidus provides powerful multi-planar deformity correction and addresses hypermobility but requires prolonged non-weightbearing; Scarf allows faster mobilization but has higher recurrence in hypermobile rays.","literature"
"lumbar-stenosis-decompression-alone-vs-interspinous-device","Lumbar spinal stenosis: decompression alone vs decompression with interspinous spacer","spine","which_operation","true","In an adult with moderate single-level lumbar spinal stenosis, is decompression alone or decompression with insertion of an interspinous spacer preferred?","Decompression alone","Decompression with interspinous spacer","genuine_equipoise","Spacer placement preserves flexion and may limit mechanical destabilization, but increases cost, implant failure, and reoperation rates compared to gold-standard decompression alone.","literature"
"adult-spinal-deformity-long-fusion-to-l5-vs-sacrum","Adult spinal deformity: fusion terminating at L5 vs pelvic fixation to the sacrum","spine","which_operation","true","In an adult undergoing long instrumented posterior spinal fusion for deformity, is terminating the construct at L5 or extending to the sacrum/pelvis preferred?","Termination of fusion at L5","Extension of fusion to the sacrum","genuine_equipoise","Terminating at L5 preserves lumbosacral motion and reduces surgical time, but carries high rates of subsequent L5-S1 breakdown; extending to the pelvis protects L5-S1 but adds massive surgical morbidity.","literature"
"shoulder-instability-bankart-vs-latarjet","Recurrent anterior shoulder instability: arthroscopic Bankart repair vs Latarjet procedure","shoulder","which_operation","true","In a patient with recurrent anterior shoulder instability and minimal bone loss, is arthroscopic soft-tissue Bankart repair or an open Latarjet coracoid transfer preferred?","Arthroscopic Bankart repair","Open Latarjet procedure","genuine_equipoise","Latarjet dramatically reduces the recurrence rate, especially in high-risk patients, but is technically demanding with serious nerve and joint-overclosure risks compared to arthroscopic repair.","literature"
"unstable-slipping-rib-syndrome-excision-vs-stabilization","Slipping rib syndrome: surgical excision vs costal cartilage stabilization","spine","which_operation","true","In a patient with symptomatic slipping rib syndrome, is excision of the hypermobile costal cartilage segment or surgical plating/stabilization preferred?","Excision of costal cartilage","Surgical costal stabilization","genuine_equipoise","Segmental excision is simple and long-established but can lead to localized chest wall flaccidity; reconstruction/stabilization preserves chest wall integrity but adds hardware risks.","literature"
"femoral-shaft-fracture-pediatric-spica-vs-elastic-nails","Pediatric femoral shaft fracture (age 5-10): spica casting vs elastic stable intramedullary nails","lower_leg","which_operation","true","In a child aged 5-10 with a displaced femoral shaft fracture, is closed reduction and spica casting or percutaneous elastic stable intramedullary nailing preferred?","Spica casting immobilization","Elastic stable intramedullary nailing","genuine_equipoise","Nails permit rapid return to school and peer integration but require secondary removal; casting avoids invasive surgery but requires prolonged, difficult home care.","literature"
"pilon-fracture-orif-early-vs-staged-exfix","Distal tibia pilon fracture: immediate ORIF vs staged external fixation followed by delayed ORIF","lower_leg","timing_of_surgery","true","In an adult with an acute high-energy distal tibia pilon fracture, is immediate ORIF or staged spanning external fixation with delayed ORIF preferred?","Immediate open reduction internal fixation","Spanning external fixation with delayed ORIF","genuine_equipoise","Immediate ORIF secures anatomical reconstruction early but is associated with catastrophic wound breakdown and infection; staged care protects the soft tissue envelope but prolongs hospital stay.","literature"
"osteoarthritis-knee-prp-vs-hyaluronic-acid","Knee osteoarthritis: platelet-rich plasma (PRP) vs hyaluronic acid (HA) joint injection","knee","which_intervention","false","In an adult with mild-to-moderate symptomatic knee osteoarthritis, is intra-articular PRP or hyaluronic acid injection preferred?","Hyaluronic acid injection","Platelet-rich plasma injection","genuine_equipoise","Clinical trials show variable, highly contested efficacy; some meta-analyses suggest PRP provides superior anti-inflammatory symptom relief, but standard of care remains highly variable.","literature"
"patella-fracture-displaced-tension-band-vs-plate","Displaced patellar fracture: tension-band wiring vs low-profile plate fixation","knee","which_operation","true","In an adult with a displaced patellar fracture requiring surgery, is traditional tension-band wiring or low-profile plate fixation preferred?","Tension-band wire fixation","Low-profile plate fixation","genuine_equipoise","Tension-band wiring is highly established but has a hardware removal rate of up to 40% due to prominent wires; plate fixation offers superior multi-planar stability but increases cost.","literature"
"hip-arthroscop-labral-repair-vs-debridement","Femoroacetabular impingement: labral repair vs labral debridement during arthroscopy","hip","which_operation","true","During hip arthroscopy for FAI, is labral repair or labral debridement preferred?","Labral debridement","Labral repair","genuine_equipoise","Repair preserves the suction-seal of the hip and slows cartilage degeneration, but is technically demanding and costly; debridement is fast and simple but may accelerate arthritis.","literature"
"lumbar-disc-herniation-endoscopic-vs-microdiscectomy","Lumbar disc herniation: endoscopic vs open microdiscectomy","spine","which_operation","true","In an adult with symptomatic lumbar disc herniation, is endoscopic discectomy or standard open microdiscectomy preferred?","Open microdiscectomy","Endoscopic discectomy","genuine_equipoise","Endoscopic approaches minimize paraspinal muscle dissection and shorten hospital recovery, but have a steep learning curve and similar long-term outcomes to open microdiscectomy.","literature"
"cervical-radiculopathy-posterior-foraminotomy-vs-acdf","Cervical radiculopathy: posterior foraminotomy vs anterior cervical discectomy and fusion","spine","which_operation","true","In an adult with single-level posterolateral cervical radiculopathy, is posterior foraminotomy or ACDF preferred?","Posterior cervical foraminotomy","Anterior cervical discectomy and fusion","genuine_equipoise","Posterior foraminotomy avoids fusion and preserves motion but carries higher postoperative muscle pain; ACDF is highly reliable for nerve clearance but sacrifices segmental motion.","literature"
"hamstring-tendon-avulsion-operative-vs-nonoperative","Proximal hamstring tendon avulsion: nonoperative rehabilitation vs surgical repair","hip","conservative_vs_operative","true","In an active adult with a complete 2-tendon proximal hamstring avulsion, is nonoperative rehabilitation or surgical repair preferred?","Nonoperative rehabilitation","Surgical repair","genuine_equipoise","Surgical repair preserves peak power and reduces hamstring fatigue but carries sciatic nerve and wound risks; nonoperative care is non-invasive but may leave a residual strength deficit.","literature"
"acdf-allograft-vs-autograft","Anterior cervical fusion: structural allograft bone vs autogenous iliac crest bone graft","spine","which_operation","true","During ACDF, is structural allograft bone with plating or autogenous iliac crest bone graft (ICBG) preferred?","Structural allograft bone graft","Autogenous iliac crest bone graft","genuine_equipoise","Autograft (ICBG) provides the highest fusion rate but is associated with severe, chronic donor-site pain; allograft avoids harvest morbidity but has a slightly higher nonunion rate.","literature"
"tka-cemented-vs-cementless-fixation","Total knee arthroplasty: cemented vs cementless component fixation","knee","which_operation","true","In an active patient undergoing total knee arthroplasty, is cemented or cementless implant fixation preferred?","Cemented implant fixation","Cementless implant fixation","genuine_equipoise","Cemented TKA is the historic gold standard with reliable, long-term survival; cementless TKA utilizes biological ingrowth to preserve bone but has higher component costs and rare early loosening.","literature"
"dist-femur-fracture-distal-femoral-nail-vs-lateral-plate","Distal femur fracture: retrograde intramedullary nail vs lateral locking plate","lower_leg","which_operation","true","In an adult with a displaced extra-articular distal femur fracture, is retrograde distal femoral nailing or lateral locking plate fixation preferred?","Retrograde distal femoral nailing","Lateral locking plate fixation","genuine_equipoise","Retrograde nailing is a load-sharing, minimally invasive technique but can cause knee joint irritation; lateral plating allows anatomically precise fixation but requires extensive exposure.","literature"
"hip-arthroplasty-dual-mobility-vs-standard-cup","Total hip arthroplasty: dual-mobility bearing vs standard single-bearing cup","hip","which_operation","true","In an older adult undergoing total hip arthroplasty with high risk of instability, is a dual-mobility bearing or a standard single-bearing cup preferred?","Standard single-bearing cup","Dual-mobility bearing cup","genuine_equipoise","Dual-mobility designs dramatically reduce postoperative dislocation rates, but introduce an additional theoretical interface for wear and potential intra-prosthetic dislocation.","literature"
"midshaft-clavicle-nonunion-orif-with-graft-vs-plate-alone","Clavicle midshaft nonunion: plate fixation with bone graft vs plate fixation alone","shoulder","which_operation","true","In an adult with a symptomatic midshaft clavicle nonunion, is open reduction and plate fixation with bone grafting or plate fixation alone preferred?","Plate fixation alone","Plate fixation with bone grafting","genuine_equipoise","Bone grafting provides essential osteoinductive factors to stimulate healing in a nonunion, but plate fixation alone with rigid compression is often sufficient and avoids donor site morbidity.","literature"
"pediatric-lateral-condyle-fracture-displacement-cutoff-2mm-vs-3mm","Pediatric lateral condyle humerus fracture: nonoperative casting (displacement <3mm) vs ORIF","elbow","conservative_vs_operative","true","In a child with a displaced lateral condyle humerus fracture of 2-3mm, is nonoperative casting or surgical ORIF preferred?","Closed reduction and casting","Open reduction internal fixation","genuine_equipoise","Displacements over 2mm have traditionally mandated ORIF to avoid nonunion and cubitus valgus; emerging evidence suggests stable patterns up to 3mm can be safely casted under close radiographic monitoring.","literature"
"radial-nerve-palsy-humeral-fracture-exploration-vs-observation","Closed humeral shaft fracture with acute radial nerve palsy: immediate exploration vs observation","upper_arm","timing_of_surgery","true","In an adult with a closed humeral shaft fracture and acute primary radial nerve palsy, is immediate surgical exploration of the nerve or observation for spontaneous recovery preferred?","Nonoperative observation","Immediate surgical nerve exploration","genuine_equipoise","Over 90% of closed primary radial nerve palsies recover spontaneously within 3-4 months, making initial observation standard; immediate exploration is preferred by some for definitive assessment.","literature"
"subacromial-pain-syndrome-physical-therapy-vs-corticosteroid-injection","Subacromial shoulder pain: physical therapy vs corticosteroid injection","shoulder","which_intervention","false","In an adult with subacromial pain syndrome (impingement), is structured physical therapy or corticosteroid joint injection preferred?","Corticosteroid joint injection","Structured physical therapy","genuine_equipoise","Corticosteroid injections provide rapid, transient pain relief but do not address mechanical deficits; physical therapy offers a durable, long-term functional cure but requires patient compliance.","literature"
"knee-oa-preventative-weightloss-vs-standard-care","Preventing knee osteoarthritis progression: structured dietary weight loss vs standard lifestyle advice","knee","which_intervention","false","In an overweight or obese woman over the age of 50 with a high risk of knee osteoarthritis, is an intensive, structured dietary weight loss and exercise program or standard lifestyle advice preferred?","Standard lifestyle advice","Intensive structured dietary weight loss","settled_conservative","Structured dietary weight loss combined with exercise (as shown in the TOPS trial) significantly unloads the joint, reduces systemic inflammatory markers, and prevents osteoarthritis progression.","literature"
"orthopedic-major-surgery-txa-vs-no-txa","Reduction of blood loss in major orthopedic surgery: prophylactic intravenous Tranexamic Acid vs standard care","lower_leg","which_intervention","false","In an adult undergoing major reconstructive orthopedic or trauma surgery, is prophylactic intravenous Tranexamic Acid or standard care (no TXA) preferred to reduce blood loss?","Standard care (no TXA)","Prophylactic Tranexamic Acid","settled_operative","Evidenced by CRASH-2 and clinical guidelines, prophylactic intravenous TXA significantly reduces blood loss and transfusion requirements without elevating thromboembolic risks.","literature"
"distal-radius-fracture-volar-plating-vs-k-wire","Displaced distal radius fracture: volar locking plate vs percutaneous Kirschner wiring","wrist_hand","which_operation","true","In an adult with a displaced extra-articular distal radius fracture, is open reduction and volar locking plate fixation or closed reduction and percutaneous Kirschner wiring preferred?","Percutaneous Kirschner wiring","Volar locking plate fixation","genuine_equipoise","The DRAFFT trial demonstrated that both volar locking plates and K-wires result in equivalent functional outcomes at one year; volar plating is far more expensive but allows faster mobilization.","literature"
"iliotibial-band-syndrome-physical-therapy-vs-surgical-release","Iliotibial band syndrome: structured physical therapy vs surgical release","knee","conservative_vs_operative","true","In an adult with painful iliotibial band syndrome, is structured physical therapy or surgical release of the IT band preferred?","Structured physical therapy","Surgical IT band release","settled_conservative","Structured physical therapy, focusing on hip abductor strengthening and local biomechanical corrections, is highly effective; surgical release is not indicated initially.","guideline"
"uncomplicated-patellar-tendinopathy-eccentric-exercise-vs-tenotomy","Uncomplicated patellar tendinopathy: eccentric exercise rehabilitation vs surgical tenotomy","knee","conservative_vs_operative","true","In an adult with uncomplicated patellar tendinopathy (jumper's knee), is eccentric exercise rehabilitation or surgical tendon debridement/tenotomy preferred?","Eccentric exercise rehabilitation","Surgical tendon debridement","settled_conservative","Progressive tendon loading via eccentric exercise is the gold standard, demonstrating excellent long-term clinical outcomes; invasive surgery is not indicated first-line.","guideline"
"acute-uncomplicated-sternoclavicular-sprain-sling-vs-reconstruction","Uncomplicated sternoclavicular joint sprain: sling immobilization vs reconstruction","shoulder","conservative_vs_operative","true","In an adult with an acute, uncomplicated (non-displaced) sternoclavicular joint sprain, is sling immobilization or surgical reconstruction preferred?","Sling immobilization","Surgical reconstruction","settled_conservative","Uncomplicated sternoclavicular sprains heal reliably with temporary sling immobilization and symptomatic care; surgical reconstruction is not indicated.","guideline"
"sacroiliac-joint-pain-physical-therapy-vs-fusion","Chronic sacroiliac joint pain: structured physical therapy vs surgical fusion","spine","conservative_vs_operative","true","In an adult with chronic, uncomplicated sacroiliac joint pain, is structured physical therapy or surgical SI joint fusion preferred?","Structured physical therapy","Surgical SI joint fusion","settled_conservative","Guidelines and clinical trials support structured core, pelvic floor, and hip stabilization exercises; surgical fusion is not indicated for uncomplicated joint pain.","guideline"
"moderate-knee-osteoarthritis-arthroscopic-debridement-vs-conservative","Moderate knee osteoarthritis (no locking): arthroscopic debridement vs conservative care","knee","conservative_vs_operative","true","In an adult with moderate knee osteoarthritis and no mechanical lock, is arthroscopic debridement or structured conservative care preferred?","Structured conservative care","Arthroscopic debridement","settled_conservative","Multiple randomized trials show no benefit of arthroscopic debridement over structured physical therapy and medical management for osteoarthritic knees without locking.","literature"
"acute-coccygynia-cushion-and-nsaids-vs-coccygectomy","Uncomplicated acute coccydynia: nonoperative pelvic unloading vs coccygectomy","spine","conservative_vs_operative","true","In an adult with acute, uncomplicated coccydynia, is nonoperative pelvic unloading (ergonomic cushions, NSAIDs) or surgical coccygectomy preferred?","Nonoperative pelvic unloading","Surgical coccygectomy","settled_conservative","Conservative management resolves over 90% of cases; surgical coccygectomy is highly invasive with high wound contamination risks and is not indicated.","guideline"
"uncomplicated-greater-trochanteric-bursitis-rehab-vs-bursectomy","Greater trochanteric pain syndrome: physical rehabilitation vs surgical bursectomy","hip","conservative_vs_operative","true","In an adult with uncomplicated greater trochanteric pain syndrome, is structured physical rehabilitation or surgical bursectomy preferred?","Structured physical rehabilitation","Surgical bursectomy","settled_conservative","Physical therapy targeting hip abductor strength and tissue conditioning is standard; surgical bursectomy offers no additional value in primary cases.","guideline"
"isolated-scapular-spine-fracture-undisplaced-sling-vs-orif","Undisplaced scapular spine fracture: sling immobilization vs surgical ORIF","shoulder","conservative_vs_operative","true","In an adult with an isolated undisplaced fracture of the scapular spine, is sling immobilization or surgical ORIF preferred?","Sling immobilization","Surgical ORIF","settled_conservative","Undisplaced scapular fractures heal reliably with excellent functional outcomes using short-term sling immobilization; surgery is unnecessary and contraindicated.","guideline"
"medial-tibial-stress-syndrome-rehab-vs-fasciotomy","Medial tibial stress syndrome: physical rehabilitation vs surgical fasciotomy","lower_leg","conservative_vs_operative","true","In an athlete with medial tibial stress syndrome (shin splints), is structured physical rehabilitation or surgical posterior fasciotomy preferred?","Structured physical rehabilitation","Surgical posterior fasciotomy","settled_conservative","Progressive load management, orthotics, and physical rehabilitation are standard; surgical fasciotomy is highly invasive with unproven clinical efficacy.","guideline"
"uncomplicated-morton-neuroma-orthotics-vs-neurectomy","Morton's neuroma: orthotic offloading vs surgical neurectomy","foot_ankle","conservative_vs_operative","true","In an adult with symptomatic, uncomplicated Morton's neuroma, is orthotic offloading/corticosteroid injection or surgical neurectomy preferred?","Orthotic offloading and injection","Surgical neurectomy","settled_conservative","Conservative measures (wide toe-box shoes, metatarsal pads, localized injections) successfully manage the majority of cases; surgical excision is reserved for late failures.","guideline"
"acute-femoral-neck-fracture-garden-i-nonoperative-vs-screws","Garden Type I femoral neck fracture: nonoperative management vs percutaneous pinning","hip","conservative_vs_operative","true","In an adult with an acute Garden Type I (valgus impacted/incomplete) femoral neck fracture, is nonoperative management or percutaneous pinning preferred?","Nonoperative management","Percutaneous screw pinning","settled_operative","Percutaneous pinning is standard to prevent catastrophic secondary displacement and avascular necrosis, which occur in up to 15% of nonoperatively managed cases.","literature"
"periprosthetic-femur-fracture-vancouver-b1-orif-vs-revision","Vancouver Type B1 periprosthetic femur fracture: plate ORIF vs stem revision","hip","which_operation","true","In a patient with a Vancouver Type B1 periprosthetic femur fracture (stable stem), is locking plate ORIF or stem revision arthroplasty preferred?","Locking plate ORIF","Stem revision arthroplasty","settled_operative","In a B1 fracture where the prosthetic stem remains solidly fixed to bone, locking plate ORIF is standard; revising a stable stem adds unnecessary surgical bone loss.","literature"
"pelvic-ring-injury-vertical-shear-traction-vs-orif","Vertically unstable pelvic ring injury: skeletal traction vs surgical stabilization","hip","conservative_vs_operative","true","In an adult with an acute vertically unstable pelvic ring fracture, is skeletal traction alone or surgical stabilization (ORIF/exfix) preferred?","Skeletal traction alone","Surgical stabilization","settled_operative","Surgical stabilization is mandatory to restore pelvic height, decrease retroperitoneal volume, permit early patient mobilization, and reduce the high mortality of recumbency.","guideline"
"acute-sternoclavicular-posterior-dislocation-observe-vs-reduction","Acute posterior sternoclavicular dislocation: nonoperative observation vs closed/open reduction","shoulder","conservative_vs_operative","true","In an adult with an acute posterior sternoclavicular dislocation, is nonoperative observation or urgent reduction preferred?","Nonoperative observation","Urgent reduction","settled_operative","Posterior dislocations place the trachea, esophagus, and great mediastinal vessels at immediate risk; urgent reduction (often with cardiothoracic backup) is mandatory.","guideline"
"open-calcaneus-fracture-nonoperative-vs-emergent-debridement","Open calcaneus fracture: nonoperative wound management vs emergent surgical debridement","foot_ankle","conservative_vs_operative","true","In an adult with an open calcaneal fracture, is nonoperative wound care or emergent surgical debridement and stabilization preferred?","Nonoperative wound care","Emergent surgical debridement","settled_operative","Open intra-articular calcaneus fractures require emergent operative debridement, antibiotic irrigation, and soft-tissue stabilization to prevent limb-threatening osteomyelitis.","guideline"
"atlantoaxial-subluxation-with-myelopathy-immobilization-vs-fusion","Atlantoaxial subluxation with myelopathy: cervical immobilization vs posterior surgical fusion","spine","conservative_vs_operative","true","In an adult with atlantoaxial subluxation and signs of progressive cervical myelopathy, is cervical collar immobilization or posterior surgical fusion preferred?","Cervical collar immobilization","Posterior surgical fusion","settled_operative","Progressive myelopathy driven by atlantoaxial instability requires posterior surgical stabilization and fusion to prevent permanent quadriplegia or respiratory arrest.","guideline"
"high-energy-talus-fracture-displaced-cast-vs-orif","Displaced talar neck fracture: closed cast immobilization vs open reduction internal fixation","foot_ankle","conservative_vs_operative","true","In an adult with a displaced talar neck fracture (Hawkins Type II-IV), is closed cast immobilization or ORIF preferred?","Closed cast immobilization","Open reduction internal fixation","settled_operative","Displaced talus fractures carry a near 100% risk of avascular necrosis and malunion if left unreduced; urgent anatomical ORIF is the absolute standard of care.","literature"
"chronic-osteomyelitis-antibiotics-alone-vs-debridement-and-antibiotics","Chronic long-bone osteomyelitis: long-term antibiotics alone vs surgical debridement with antibiotics","lower_leg","conservative_vs_operative","true","In an adult with chronic, localized long-bone osteomyelitis, is long-term antibiotics alone or surgical debridement with antibiotics preferred?","Long-term antibiotics alone","Surgical debridement and antibiotics","settled_operative","Chronic osteomyelitis involves necrotic bone (sequestrum) that cannot be penetrated by systemic antibiotics; surgical debridement of dead bone is mandatory for cure.","guideline"
"knee-dislocation-multi-ligamentous-injury-brace-vs-reconstruction","Acute knee dislocation: knee brace immobilization vs surgical multi-ligament reconstruction","knee","conservative_vs_operative","true","In an active adult after an acute knee dislocation with multi-ligament instability, is simple knee brace immobilization or surgical reconstruction preferred?","Knee brace immobilization","Surgical multi-ligament reconstruction","settled_operative","Knee dislocations result in profound joint instability and high rates of arthrofibrosis; surgical stabilization/reconstruction is required to restore basic joint kinematics.","literature"
"progressive-idiopathic-scoliosis-cobb-55-brace-vs-fusion","Progressive adolescent idiopathic scoliosis (Cobb angle 55): bracing vs posterior spinal fusion","spine","conservative_vs_operative","true","In an adolescent with progressive idiopathic scoliosis and a Cobb angle of 55 degrees, is bracing or posterior spinal fusion preferred?","Bracing immobilization","Posterior spinal fusion","settled_operative","Curves exceeding 50 degrees at skeletal maturity continue to progress throughout adulthood; posterior spinal fusion is the standard of care.","guideline"
"pediatric-femur-fracture-open-traction-vs-debridement-stabilization","Open pediatric femur fracture: skeletal traction alone vs emergent surgical debridement and fixation","hip","conservative_vs_operative","true","In a child with an open femoral shaft fracture, is skeletal traction alone or emergent surgical debridement with stabilization preferred?","Skeletal traction alone","Emergent surgical debridement and fixation","settled_operative","Open long-bone fractures require immediate surgical debridement and stabilization to prevent bone infection and nonunion, regardless of patient age.","guideline"
"distal-radius-fracture-with-acute-median-nerve-compression-splint-vs-decompression","Distal radius fracture with acute median nerve compression: splinting/reduction vs carpal tunnel decompression","wrist_hand","conservative_vs_operative","true","In an adult with a distal radius fracture and progressive, acute median nerve paresthesias despite reduction, is splinting or urgent carpal tunnel decompression preferred?","Splinting and observation","Urgent surgical carpal tunnel decompression","settled_operative","Unresolved acute median nerve compression following fracture reduction causes irreversible axonal loss; urgent surgical release of the transverse carpal ligament is mandatory.","guideline"
"traumatic-arthrotomy-knee-washout-vs-observation","Traumatic knee arthrotomy (joint penetration): nonoperative observation vs surgical joint washout","knee","conservative_vs_operative","true","In an adult with a traumatic wound demonstrating joint penetration (arthrotomy), is nonoperative wound care or urgent surgical joint washout preferred?","Nonoperative wound care","Urgent surgical joint washout","settled_operative","Traumatic penetration introduces bacteria directly into the sterile joint space; urgent surgical debridement and irrigation are required to prevent septic arthritis.","guideline"
